{"cameraMode":{"drawMode":0,"name":"Shaded","section":"Shading Mode"},"sceneLighting":true,"audioPlay":false,"sceneViewState":{"m_AlwaysRefresh":false,"showFog":true,"showSkybox":false,"showFlares":true,"showImageEffects":true,"showParticleSystems":true,"showVisualEffectGraphs":true,"m_FxEnabled":true},"in2DMode":false,"pivot":{"x":-7.729998588562012,"y":0.15000057220458985,"z":-33.529998779296878},"rotation":{"x":0.20778699219226838,"y":-0.07941967993974686,"z":0.016924230381846429,"w":0.9748221635818481},"size":3.2660250663757326,"orthographic":false}