{"cameraMode":{"drawMode":0,"name":"Shaded","section":"Shading Mode"},"sceneLighting":true,"audioPlay":false,"sceneViewState":{"m_AlwaysRefresh":false,"showFog":true,"showSkybox":false,"showFlares":true,"showImageEffects":true,"showParticleSystems":true,"showVisualEffectGraphs":true,"m_FxEnabled":true},"in2DMode":false,"pivot":{"x":-0.4139234721660614,"y":0.427742063999176,"z":-32.997066497802737},"rotation":{"x":0.23060275614261628,"y":-0.030343644320964814,"z":0.007196343969553709,"w":0.9725578427314758},"size":1.292494297027588,"orthographic":false}