{"cameraMode":{"drawMode":0,"name":"Shaded","section":"Shading Mode"},"sceneLighting":true,"audioPlay":false,"sceneViewState":{"m_AlwaysRefresh":false,"showFog":true,"showSkybox":false,"showFlares":true,"showImageEffects":true,"showParticleSystems":true,"showVisualEffectGraphs":true,"m_FxEnabled":true},"in2DMode":false,"pivot":{"x":-20.782949447631837,"y":-3.5663962364196779,"z":-34.563602447509769},"rotation":{"x":0.5423071980476379,"y":-0.017375707626342775,"z":0.01122972834855318,"w":0.8399419188499451},"size":8.987348556518555,"orthographic":false}