{"cameraMode":{"drawMode":0,"name":"Shaded","section":"Shading Mode"},"sceneLighting":true,"audioPlay":false,"sceneViewState":{"m_AlwaysRefresh":false,"showFog":true,"showSkybox":false,"showFlares":true,"showImageEffects":true,"showParticleSystems":true,"showVisualEffectGraphs":true,"m_FxEnabled":true},"in2DMode":false,"pivot":{"x":-0.2131933569908142,"y":1.2733840942382813,"z":-32.991737365722659},"rotation":{"x":0.15475139021873475,"y":0.1916462481021881,"z":-0.03061831183731556,"w":0.9687299728393555},"size":3.1446332931518556,"orthographic":false}