{"cameraMode":{"drawMode":0,"name":"Shaded","section":"Shading Mode"},"sceneLighting":true,"audioPlay":false,"sceneViewState":{"m_AlwaysRefresh":false,"showFog":true,"showSkybox":false,"showFlares":true,"showImageEffects":true,"showParticleSystems":true,"showVisualEffectGraphs":true,"m_FxEnabled":true},"in2DMode":false,"pivot":{"x":8.972091674804688,"y":-2.3947360515594484,"z":-26.039331436157228},"rotation":{"x":0.5295127034187317,"y":-0.0022802655585110189,"z":0.00142443529330194,"w":0.8483341336250305},"size":12.284140586853028,"orthographic":false}